{
  "config": {
    "n_outer": 5,
    "n_inner": 3,
    "n_perm": 200,
    "n_bootstrap": 200,
    "top_k": 10,
    "pairwise_perm": 50,
    "C_grid": [
      0.001,
      0.01,
      0.1,
      1.0,
      10.0,
      100.0
    ],
    "max_iter": 5000,
    "seed": 42
  },
  "data": {
    "n": 99,
    "n_features": 50,
    "classes": [
      "locked",
      "success",
      "wandering"
    ],
    "class_counts": [
      39,
      40,
      20
    ]
  },
  "primary_3way": {
    "macro_f1_mean": 0.9137239340180516,
    "macro_f1_std": 0.1001511663599956,
    "macro_f1_per_fold": [
      0.9327731092436974,
      1.0,
      0.7608465608465608,
      1.0,
      0.875
    ],
    "C_selected_per_fold": [
      1.0,
      1.0,
      1.0,
      1.0,
      1.0
    ],
    "auroc_mean_per_class": {
      "0": 1.0,
      "1": 0.978598484848485,
      "2": 0.9808333333333333
    },
    "auroc_std_per_class": {
      "0": 0.0,
      "1": 0.019904392981532206,
      "2": 0.017517352507981587
    },
    "confusion_matrix": [
      [
        38,
        1,
        0
      ],
      [
        0,
        38,
        2
      ],
      [
        0,
        4,
        16
      ]
    ],
    "class_labels": [
      0,
      1,
      2
    ],
    "oof_y_true": [
      1,
      1,
      1,
      1,
      1,
      1,
      1,
      1,
      0,
      0,
      0,
      0,
      0,
      0,
      0,
      0,
      2,
      2,
      2,
      2,
      1,
      1,
      1,
      1,
      1,
      1,
      1,
      1,
      0,
      0,
      0,
      0,
      0,
      0,
      0,
      0,
      2,
      2,
      2,
      2,
      1,
      1,
      1,
      1,
      1,
      1,
      1,
      1,
      0,
      0,
      0,
      0,
      0,
      0,
      0,
      0,
      2,
      2,
      2,
      2,
      1,
      1,
      1,
      1,
      1,
      1,
      1,
      1,
      0,
      0,
      0,
      0,
      0,
      0,
      0,
      0,
      2,
      2,
      2,
      2,
      1,
      1,
      1,
      1,
      1,
      1,
      1,
      1,
      0,
      0,
      0,
      0,
      0,
      0,
      0,
      2,
      2,
      2,
      2
    ],
    "oof_y_pred": [
      1,
      1,
      1,
      1,
      1,
      1,
      1,
      1,
      0,
      0,
      0,
      0,
      0,
      0,
      0,
      0,
      2,
      1,
      2,
      2,
      1,
      1,
      1,
      1,
      1,
      1,
      1,
      1,
      0,
      0,
      0,
      0,
      0,
      0,
      0,
      0,
      2,
      2,
      2,
      2,
      1,
      1,
      1,
      2,
      1,
      1,
      1,
      1,
      0,
      0,
      0,
      0,
      0,
      0,
      0,
      1,
      2,
      1,
      2,
      1,
      1,
      1,
      1,
      1,
      1,
      1,
      1,
      1,
      0,
      0,
      0,
      0,
      0,
      0,
      0,
      0,
      2,
      2,
      2,
      2,
      1,
      2,
      1,
      1,
      1,
      1,
      1,
      1,
      0,
      0,
      0,
      0,
      0,
      0,
      0,
      1,
      2,
      2,
      2
    ]
  },
  "primary_null": {
    "observed_score": 0.9137239340180516,
    "null_mean": 0.3281047283396421,
    "null_std": 0.052355741903836815,
    "p_value": 0.004975124378109453,
    "z_score": 11.185386442290255,
    "n_permutations": 200
  },
  "stability_modal_C": 1.0,
  "stability_n_stable": 9,
  "stability_path": "out/self_test_signal/paper3_stability_features.csv",
  "pairwise": {
    "wandering_vs_success": {
      "n_a": 20,
      "n_b": 40,
      "primary": {
        "macro_f1_mean": 0.9822222222222223,
        "macro_f1_std": 0.03975231959999627,
        "macro_f1_per_fold": [
          1.0,
          1.0,
          1.0,
          1.0,
          0.9111111111111111
        ],
        "C_selected_per_fold": [
          1.0,
          1.0,
          1.0,
          10.0,
          1.0
        ],
        "auroc_mean_per_class": {
          "0": 1.0,
          "1": 1.0
        },
        "auroc_std_per_class": {
          "0": 0.0,
          "1": 0.0
        },
        "confusion_matrix": [
          [
            39,
            1
          ],
          [
            0,
            20
          ]
        ],
        "class_labels": [
          0,
          1
        ]
      },
      "null": {
        "observed_score": 0.9822222222222223,
        "null_mean": 0.5149499764769115,
        "null_std": 0.07803300283725557,
        "p_value": 0.0196078431372549,
        "z_score": 5.988136157131597,
        "n_permutations": 50
      }
    },
    "wandering_vs_locked": {
      "n_a": 20,
      "n_b": 39,
      "primary": {
        "macro_f1_mean": 1.0,
        "macro_f1_std": 0.0,
        "macro_f1_per_fold": [
          1.0,
          1.0,
          1.0,
          1.0,
          1.0
        ],
        "C_selected_per_fold": [
          1.0,
          1.0,
          1.0,
          1.0,
          1.0
        ],
        "auroc_mean_per_class": {
          "0": 1.0,
          "1": 1.0
        },
        "auroc_std_per_class": {
          "0": 0.0,
          "1": 0.0
        },
        "confusion_matrix": [
          [
            39,
            0
          ],
          [
            0,
            20
          ]
        ],
        "class_labels": [
          0,
          1
        ]
      },
      "null": {
        "observed_score": 1.0,
        "null_mean": 0.48593830417948064,
        "null_std": 0.08458317900768868,
        "p_value": 0.0196078431372549,
        "z_score": 6.077587788083882,
        "n_permutations": 50
      }
    },
    "success_vs_locked": {
      "n_a": 40,
      "n_b": 39,
      "primary": {
        "macro_f1_mean": 0.987450980392157,
        "macro_f1_std": 0.028060460894115007,
        "macro_f1_per_fold": [
          1.0,
          1.0,
          0.9372549019607843,
          1.0,
          1.0
        ],
        "C_selected_per_fold": [
          10.0,
          1.0,
          0.1,
          10.0,
          1.0
        ],
        "auroc_mean_per_class": {
          "0": 1.0,
          "1": 1.0
        },
        "auroc_std_per_class": {
          "0": 0.0,
          "1": 0.0
        },
        "confusion_matrix": [
          [
            38,
            1
          ],
          [
            0,
            40
          ]
        ],
        "class_labels": [
          0,
          1
        ]
      },
      "null": {
        "observed_score": 0.987450980392157,
        "null_mean": 0.4848138482014239,
        "null_std": 0.07517722800746299,
        "p_value": 0.0196078431372549,
        "z_score": 6.686029074311562,
        "n_permutations": 50
      }
    }
  },
  "timings_seconds": {
    "primary": 1.6734180450439453,
    "null_total": 63.128299951553345,
    "null_per_perm": 0.31564149975776673,
    "stability": 0.9190318584442139,
    "pairwise": 19.98077082633972
  }
}