{"per_layer_margin": {"0": -0.2158203125, "1": -0.2041015625, "2": -0.2431640625, "3": -0.1220703125, "4": -0.263671875, "5": -0.345703125, "6": -0.2626953125, "7": -0.169921875, "8": -0.2890625, "9": -0.203125, "10": -0.2412109375, "11": -0.1875, "12": -0.212890625, "13": -0.1787109375, "14": -0.2060546875, "15": -0.107421875, "16": -0.150390625, "17": -0.185546875, "18": -0.3906250298023224, "19": -0.4189453125, "20": -0.6860353052616119, "21": -0.6098633110523224, "22": -0.7856446206569672, "23": -0.6884765028953552, "24": -0.71875, "25": -0.6674805581569672, "26": -0.6181640923023224, "27": -0.5449219644069672, "28": -0.59765625, "29": -0.7343750298023224, "30": -0.3945312201976776, "31": -0.7070313394069672, "32": -0.9184571504592896, "33": -0.9658203125, "34": -0.7939452528953552, "35": -0.9326172471046448, "36": -0.6914063394069672, "37": -0.5, "38": -0.6464843153953552, "39": -0.7324219346046448, "40": -0.93701171875, "41": -0.970703125, "42": -1.1215821206569672, "43": -0.9199217557907104, "44": -0.7895507514476776, "45": -0.7329103052616119, "46": -0.6435545980930328, "47": 0.021484375, "48": -0.00634765625, "49": -0.2001952826976776, "50": 0.022460877895355225, "51": 1.5732422024011612, "52": 2.158203139901161, "53": 2.495117202401161, "54": 2.2841797173023224, "55": 4.055664107203484, "56": 3.9853515625, "57": 4.058593809604645, "58": 4.473632827401161, "59": 5.177734389901161, "60": 6.810546875, "61": 7.800781220197678, "62": 11.421875, "63": 6.64453125}, "onset": 51, "NL": 64, "sae_layers": [15, 19, 23, 27, 35, 39, 43, 47, 51, 59, 63]}