{
  "config": {
    "n_outer": 5,
    "n_inner": 3,
    "n_perm": 1000,
    "n_bootstrap": 200,
    "top_k": 12,
    "pairwise_perm": 200,
    "C_grid": [
      0.001,
      0.01,
      0.1,
      1.0,
      10.0,
      100.0
    ],
    "max_iter": 5000,
    "seed": 42
  },
  "data": {
    "n": 99,
    "n_features": 52,
    "classes": [
      "locked",
      "success",
      "wandering"
    ],
    "class_counts": [
      39,
      40,
      20
    ]
  },
  "primary_3way": {
    "macro_f1_mean": 0.6357101086048453,
    "macro_f1_std": 0.03529128625238235,
    "macro_f1_per_fold": [
      0.6666666666666666,
      0.5789473684210527,
      0.625,
      0.6571428571428571,
      0.6507936507936507
    ],
    "C_selected_per_fold": [
      10.0,
      1.0,
      1.0,
      1.0,
      1.0
    ],
    "auroc_mean_per_class": {
      "0": 0.8639880952380953,
      "1": 1.0,
      "2": 0.795
    },
    "auroc_std_per_class": {
      "0": 0.030525908107043073,
      "1": 0.0,
      "2": 0.06224949798994368
    },
    "confusion_matrix": [
      [
        24,
        0,
        15
      ],
      [
        0,
        40,
        0
      ],
      [
        13,
        0,
        7
      ]
    ],
    "class_labels": [
      0,
      1,
      2
    ],
    "oof_y_true": [
      2,
      0,
      0,
      1,
      0,
      1,
      1,
      1,
      2,
      0,
      2,
      1,
      0,
      1,
      0,
      2,
      1,
      0,
      1,
      0,
      1,
      1,
      0,
      0,
      0,
      0,
      2,
      1,
      1,
      1,
      1,
      0,
      0,
      2,
      1,
      0,
      2,
      1,
      2,
      0,
      1,
      0,
      1,
      0,
      2,
      0,
      0,
      1,
      0,
      2,
      1,
      0,
      0,
      1,
      1,
      1,
      2,
      1,
      2,
      0,
      1,
      0,
      1,
      0,
      0,
      0,
      1,
      1,
      1,
      0,
      1,
      2,
      1,
      0,
      0,
      0,
      2,
      1,
      2,
      2,
      2,
      0,
      2,
      0,
      1,
      1,
      0,
      1,
      0,
      0,
      1,
      0,
      2,
      1,
      1,
      1,
      2,
      0,
      1
    ],
    "oof_y_pred": [
      2,
      2,
      2,
      1,
      2,
      1,
      1,
      1,
      0,
      0,
      2,
      1,
      2,
      1,
      2,
      2,
      1,
      0,
      1,
      0,
      1,
      1,
      0,
      0,
      0,
      0,
      0,
      1,
      1,
      1,
      1,
      2,
      0,
      0,
      1,
      0,
      0,
      1,
      0,
      0,
      1,
      0,
      1,
      2,
      0,
      2,
      0,
      1,
      0,
      0,
      1,
      0,
      0,
      1,
      1,
      1,
      0,
      1,
      2,
      2,
      1,
      0,
      1,
      2,
      0,
      0,
      1,
      1,
      1,
      0,
      1,
      2,
      1,
      2,
      2,
      2,
      0,
      1,
      2,
      0,
      2,
      0,
      0,
      2,
      1,
      1,
      0,
      1,
      0,
      0,
      1,
      2,
      0,
      1,
      1,
      1,
      0,
      0,
      1
    ]
  },
  "primary_null": {
    "observed_score": 0.6357101086048453,
    "null_mean": 0.3220207991010733,
    "null_std": 0.053352522373742606,
    "p_value": 0.000999000999000999,
    "z_score": 5.8795591200065624,
    "n_permutations": 1000
  },
  "stability_modal_C": 1.0,
  "stability_n_stable": 3,
  "stability_path": "scripts/inflection_turn_out/paper3_results_clean/paper3_stability_features.csv",
  "pairwise": {
    "wandering_vs_success": {
      "n_a": 20,
      "n_b": 40,
      "primary": {
        "macro_f1_mean": 1.0,
        "macro_f1_std": 0.0,
        "macro_f1_per_fold": [
          1.0,
          1.0,
          1.0,
          1.0,
          1.0
        ],
        "C_selected_per_fold": [
          0.1,
          0.1,
          0.1,
          0.1,
          0.1
        ],
        "auroc_mean_per_class": {
          "0": 1.0,
          "1": 1.0
        },
        "auroc_std_per_class": {
          "0": 0.0,
          "1": 0.0
        },
        "confusion_matrix": [
          [
            40,
            0
          ],
          [
            0,
            20
          ]
        ],
        "class_labels": [
          0,
          1
        ]
      },
      "null": {
        "observed_score": 1.0,
        "null_mean": 0.48269922171481766,
        "null_std": 0.07674591268443043,
        "p_value": 0.004975124378109453,
        "z_score": 6.7404342483425514,
        "n_permutations": 200
      }
    },
    "wandering_vs_locked": {
      "n_a": 20,
      "n_b": 39,
      "primary": {
        "macro_f1_mean": 0.6309418522653817,
        "macro_f1_std": 0.1463479680619772,
        "macro_f1_per_fold": [
          0.625,
          0.6974789915966386,
          0.8125,
          0.4125874125874126,
          0.6071428571428572
        ],
        "C_selected_per_fold": [
          10.0,
          10.0,
          100.0,
          100.0,
          100.0
        ],
        "auroc_mean_per_class": {
          "0": 0.6330357142857143,
          "1": 0.6330357142857143
        },
        "auroc_std_per_class": {
          "0": 0.1100516605267448,
          "1": 0.1100516605267448
        },
        "confusion_matrix": [
          [
            28,
            11
          ],
          [
            9,
            11
          ]
        ],
        "class_labels": [
          0,
          1
        ]
      },
      "null": {
        "observed_score": 0.6309418522653817,
        "null_mean": 0.49110996943802676,
        "null_std": 0.07709539477352151,
        "p_value": 0.03482587064676617,
        "z_score": 1.8137514340035077,
        "n_permutations": 200
      }
    },
    "success_vs_locked": {
      "n_a": 40,
      "n_b": 39,
      "primary": {
        "macro_f1_mean": 1.0,
        "macro_f1_std": 0.0,
        "macro_f1_per_fold": [
          1.0,
          1.0,
          1.0,
          1.0,
          1.0
        ],
        "C_selected_per_fold": [
          0.1,
          0.1,
          0.1,
          0.1,
          0.1
        ],
        "auroc_mean_per_class": {
          "0": 1.0,
          "1": 1.0
        },
        "auroc_std_per_class": {
          "0": 0.0,
          "1": 0.0
        },
        "confusion_matrix": [
          [
            39,
            0
          ],
          [
            0,
            40
          ]
        ],
        "class_labels": [
          0,
          1
        ]
      },
      "null": {
        "observed_score": 1.0,
        "null_mean": 0.484570393229062,
        "null_std": 0.06657910306595893,
        "p_value": 0.004975124378109453,
        "z_score": 7.741612353241947,
        "n_permutations": 200
      }
    }
  },
  "timings_seconds": {
    "primary": 1.6369929313659668,
    "null_total": 491.9932470321655,
    "null_per_perm": 0.4919932470321655,
    "stability": 1.1105751991271973,
    "pairwise": 102.73804306983948
  }
}