{
  "config": {
    "n_outer": 5,
    "n_inner": 3,
    "n_perm": 1000,
    "n_bootstrap": 200,
    "top_k": 12,
    "pairwise_perm": 200,
    "C_grid": [
      0.001,
      0.01,
      0.1,
      1.0,
      10.0,
      100.0
    ],
    "max_iter": 5000,
    "seed": 42
  },
  "data": {
    "n": 99,
    "n_features": 60,
    "classes": [
      "locked",
      "success",
      "wandering"
    ],
    "class_counts": [
      39,
      40,
      20
    ]
  },
  "primary_3way": {
    "macro_f1_mean": 0.9865546218487395,
    "macro_f1_std": 0.03006477952940898,
    "macro_f1_per_fold": [
      1.0,
      1.0,
      1.0,
      0.9327731092436974,
      1.0
    ],
    "C_selected_per_fold": [
      1.0,
      1.0,
      1.0,
      1.0,
      1.0
    ],
    "auroc_mean_per_class": {
      "0": 1.0,
      "1": 1.0,
      "2": 1.0
    },
    "auroc_std_per_class": {
      "0": 0.0,
      "1": 0.0,
      "2": 0.0
    },
    "confusion_matrix": [
      [
        39,
        0,
        0
      ],
      [
        0,
        40,
        0
      ],
      [
        1,
        0,
        19
      ]
    ],
    "class_labels": [
      0,
      1,
      2
    ],
    "oof_y_true": [
      2,
      0,
      0,
      1,
      0,
      1,
      1,
      1,
      2,
      0,
      2,
      1,
      0,
      1,
      0,
      2,
      1,
      0,
      1,
      0,
      1,
      1,
      0,
      0,
      0,
      0,
      2,
      1,
      1,
      1,
      1,
      0,
      0,
      2,
      1,
      0,
      2,
      1,
      2,
      0,
      1,
      0,
      1,
      0,
      2,
      0,
      0,
      1,
      0,
      2,
      1,
      0,
      0,
      1,
      1,
      1,
      2,
      1,
      2,
      0,
      1,
      0,
      1,
      0,
      0,
      0,
      1,
      1,
      1,
      0,
      1,
      2,
      1,
      0,
      0,
      0,
      2,
      1,
      2,
      2,
      2,
      0,
      2,
      0,
      1,
      1,
      0,
      1,
      0,
      0,
      1,
      0,
      2,
      1,
      1,
      1,
      2,
      0,
      1
    ],
    "oof_y_pred": [
      2,
      0,
      0,
      1,
      0,
      1,
      1,
      1,
      2,
      0,
      2,
      1,
      0,
      1,
      0,
      2,
      1,
      0,
      1,
      0,
      1,
      1,
      0,
      0,
      0,
      0,
      2,
      1,
      1,
      1,
      1,
      0,
      0,
      2,
      1,
      0,
      2,
      1,
      2,
      0,
      1,
      0,
      1,
      0,
      2,
      0,
      0,
      1,
      0,
      2,
      1,
      0,
      0,
      1,
      1,
      1,
      2,
      1,
      2,
      0,
      1,
      0,
      1,
      0,
      0,
      0,
      1,
      1,
      1,
      0,
      1,
      2,
      1,
      0,
      0,
      0,
      2,
      1,
      0,
      2,
      2,
      0,
      2,
      0,
      1,
      1,
      0,
      1,
      0,
      0,
      1,
      0,
      2,
      1,
      1,
      1,
      2,
      0,
      1
    ]
  },
  "primary_null": {
    "observed_score": 0.9865546218487395,
    "null_mean": 0.32377737466341555,
    "null_std": 0.05331367865554467,
    "p_value": 0.000999000999000999,
    "z_score": 12.431654762655604,
    "n_permutations": 1000
  },
  "stability_modal_C": 1.0,
  "stability_n_stable": 3,
  "stability_path": "scripts/inflection_turn_out/paper3_results/paper3_stability_features.csv",
  "pairwise": {
    "wandering_vs_success": {
      "n_a": 20,
      "n_b": 40,
      "primary": {
        "macro_f1_mean": 1.0,
        "macro_f1_std": 0.0,
        "macro_f1_per_fold": [
          1.0,
          1.0,
          1.0,
          1.0,
          1.0
        ],
        "C_selected_per_fold": [
          0.1,
          0.1,
          0.1,
          0.1,
          0.1
        ],
        "auroc_mean_per_class": {
          "0": 1.0,
          "1": 1.0
        },
        "auroc_std_per_class": {
          "0": 0.0,
          "1": 0.0
        },
        "confusion_matrix": [
          [
            40,
            0
          ],
          [
            0,
            20
          ]
        ],
        "class_labels": [
          0,
          1
        ]
      },
      "null": {
        "observed_score": 1.0,
        "null_mean": 0.4795390786973604,
        "null_std": 0.08119194778751702,
        "p_value": 0.004975124378109453,
        "z_score": 6.410252931217994,
        "n_permutations": 200
      }
    },
    "wandering_vs_locked": {
      "n_a": 20,
      "n_b": 39,
      "primary": {
        "macro_f1_mean": 0.9596638655462184,
        "macro_f1_std": 0.05523252680724369,
        "macro_f1_per_fold": [
          1.0,
          0.8991596638655461,
          0.8991596638655461,
          1.0,
          1.0
        ],
        "C_selected_per_fold": [
          1.0,
          0.1,
          1.0,
          1.0,
          1.0
        ],
        "auroc_mean_per_class": {
          "0": 1.0,
          "1": 1.0
        },
        "auroc_std_per_class": {
          "0": 0.0,
          "1": 0.0
        },
        "confusion_matrix": [
          [
            39,
            0
          ],
          [
            2,
            18
          ]
        ],
        "class_labels": [
          0,
          1
        ]
      },
      "null": {
        "observed_score": 0.9596638655462184,
        "null_mean": 0.480591997020867,
        "null_std": 0.07233620875128183,
        "p_value": 0.004975124378109453,
        "z_score": 6.622850115990342,
        "n_permutations": 200
      }
    },
    "success_vs_locked": {
      "n_a": 40,
      "n_b": 39,
      "primary": {
        "macro_f1_mean": 1.0,
        "macro_f1_std": 0.0,
        "macro_f1_per_fold": [
          1.0,
          1.0,
          1.0,
          1.0,
          1.0
        ],
        "C_selected_per_fold": [
          0.1,
          0.1,
          0.1,
          0.1,
          0.1
        ],
        "auroc_mean_per_class": {
          "0": 1.0,
          "1": 1.0
        },
        "auroc_std_per_class": {
          "0": 0.0,
          "1": 0.0
        },
        "confusion_matrix": [
          [
            39,
            0
          ],
          [
            0,
            40
          ]
        ],
        "class_labels": [
          0,
          1
        ]
      },
      "null": {
        "observed_score": 1.0,
        "null_mean": 0.4917793537130224,
        "null_std": 0.06654008663636282,
        "p_value": 0.004975124378109453,
        "z_score": 7.637811610566906,
        "n_permutations": 200
      }
    }
  },
  "timings_seconds": {
    "primary": 1.6573576927185059,
    "null_total": 558.4878838062286,
    "null_per_perm": 0.5584878838062286,
    "stability": 2.623168706893921,
    "pairwise": 118.53207778930664
  }
}