{
  "per_layer_auroc": {
    "11": {
      "mean": 0.8725378787878789,
      "std": 0.09399474481236487,
      "folds": [
        0.78125,
        0.7395833333333334,
        0.9375,
        0.9270833333333334,
        0.9772727272727272
      ],
      "n": 99
    },
    "23": {
      "mean": 0.9325757575757576,
      "std": 0.03829037747719638,
      "folds": [
        0.9270833333333334,
        0.875,
        0.9895833333333333,
        0.9166666666666666,
        0.9545454545454546
      ],
      "n": 99
    },
    "31": {
      "mean": 0.9284090909090909,
      "std": 0.04860676551480086,
      "folds": [
        0.9375,
        0.9166666666666666,
        0.9895833333333333,
        0.84375,
        0.9545454545454545
      ],
      "n": 99
    },
    "43": {
      "mean": 0.9344696969696968,
      "std": 0.04110939318997688,
      "folds": [
        0.9166666666666666,
        0.96875,
        0.9791666666666667,
        0.8645833333333334,
        0.9431818181818181
      ],
      "n": 99
    },
    "55": {
      "mean": 0.8882575757575758,
      "std": 0.05530497609694416,
      "folds": [
        0.8020833333333333,
        0.84375,
        0.9375,
        0.9375,
        0.9204545454545454
      ],
      "n": 99
    }
  },
  "pair_agreement": {
    "L11_vs_L23": {
      "agree": 48,
      "total": 59,
      "pct": 81.35593220338983
    },
    "L11_vs_L31": {
      "agree": 46,
      "total": 59,
      "pct": 77.96610169491525
    },
    "L11_vs_L43": {
      "agree": 45,
      "total": 59,
      "pct": 76.27118644067797
    },
    "L11_vs_L55": {
      "agree": 36,
      "total": 59,
      "pct": 61.016949152542374
    },
    "L23_vs_L31": {
      "agree": 49,
      "total": 59,
      "pct": 83.05084745762711
    },
    "L23_vs_L43": {
      "agree": 50,
      "total": 59,
      "pct": 84.7457627118644
    },
    "L23_vs_L55": {
      "agree": 39,
      "total": 59,
      "pct": 66.10169491525424
    },
    "L31_vs_L43": {
      "agree": 50,
      "total": 59,
      "pct": 84.7457627118644
    },
    "L31_vs_L55": {
      "agree": 43,
      "total": 59,
      "pct": 72.88135593220339
    },
    "L43_vs_L55": {
      "agree": 46,
      "total": 59,
      "pct": 77.96610169491525
    }
  },
  "L43_wandering_rate": 0.3389830508474576,
  "L43_wandering_ci_95": [
    0.22033898305084745,
    0.4576271186440678
  ],
  "L43_wandering_bootstrap_n": 10000,
  "per_layer_subclass_counts": {
    "L11": {
      "success": 40,
      "locked": 45,
      "wandering": 14
    },
    "L23": {
      "success": 40,
      "locked": 40,
      "wandering": 19
    },
    "L31": {
      "success": 40,
      "locked": 36,
      "wandering": 23
    },
    "L43": {
      "success": 40,
      "locked": 39,
      "wandering": 20
    },
    "L55": {
      "success": 40,
      "locked": 26,
      "wandering": 33
    }
  }
}