{
  "config": {
    "n_outer": 5,
    "n_inner": 3,
    "n_perm": 200,
    "n_bootstrap": 50,
    "top_k": 10,
    "pairwise_perm": 50,
    "C_grid": [
      0.001,
      0.01,
      0.1,
      1.0,
      10.0,
      100.0
    ],
    "max_iter": 5000,
    "seed": 42
  },
  "data": {
    "n": 99,
    "n_features": 50,
    "classes": [
      "locked",
      "success",
      "wandering"
    ],
    "class_counts": [
      39,
      40,
      20
    ]
  },
  "primary_3way": {
    "macro_f1_mean": 0.21872549019607845,
    "macro_f1_std": 0.05191058380880781,
    "macro_f1_per_fold": [
      0.25098039215686274,
      0.2916666666666667,
      0.19047619047619047,
      0.1984126984126984,
      0.16209150326797386
    ],
    "C_selected_per_fold": [
      1.0,
      10.0,
      0.1,
      100.0,
      1.0
    ],
    "auroc_mean_per_class": {
      "0": 0.455952380952381,
      "1": 0.5147727272727273,
      "2": 0.3525
    },
    "auroc_std_per_class": {
      "0": 0.09294700512911461,
      "1": 0.08544427340610461,
      "2": 0.1517057956621961
    },
    "confusion_matrix": [
      [
        9,
        20,
        10
      ],
      [
        14,
        19,
        7
      ],
      [
        8,
        11,
        1
      ]
    ],
    "class_labels": [
      0,
      1,
      2
    ],
    "oof_y_true": [
      1,
      1,
      1,
      1,
      1,
      1,
      1,
      1,
      0,
      0,
      0,
      0,
      0,
      0,
      0,
      0,
      2,
      2,
      2,
      2,
      1,
      1,
      1,
      1,
      1,
      1,
      1,
      1,
      0,
      0,
      0,
      0,
      0,
      0,
      0,
      0,
      2,
      2,
      2,
      2,
      1,
      1,
      1,
      1,
      1,
      1,
      1,
      1,
      0,
      0,
      0,
      0,
      0,
      0,
      0,
      0,
      2,
      2,
      2,
      2,
      1,
      1,
      1,
      1,
      1,
      1,
      1,
      1,
      0,
      0,
      0,
      0,
      0,
      0,
      0,
      0,
      2,
      2,
      2,
      2,
      1,
      1,
      1,
      1,
      1,
      1,
      1,
      1,
      0,
      0,
      0,
      0,
      0,
      0,
      0,
      2,
      2,
      2,
      2
    ],
    "oof_y_pred": [
      0,
      1,
      1,
      2,
      1,
      0,
      0,
      0,
      0,
      1,
      2,
      2,
      0,
      0,
      1,
      2,
      1,
      1,
      0,
      0,
      1,
      0,
      1,
      1,
      1,
      2,
      0,
      0,
      0,
      2,
      0,
      2,
      1,
      2,
      0,
      1,
      1,
      0,
      0,
      1,
      1,
      1,
      1,
      1,
      1,
      1,
      1,
      1,
      1,
      1,
      1,
      1,
      1,
      1,
      1,
      1,
      1,
      1,
      1,
      1,
      0,
      2,
      0,
      2,
      0,
      1,
      2,
      2,
      1,
      2,
      2,
      2,
      0,
      0,
      1,
      1,
      0,
      1,
      1,
      2,
      0,
      1,
      1,
      0,
      1,
      0,
      0,
      2,
      1,
      0,
      2,
      1,
      1,
      1,
      1,
      0,
      1,
      0,
      0
    ]
  },
  "primary_null": {
    "observed_score": 0.21872549019607845,
    "null_mean": 0.31859183842406913,
    "null_std": 0.057845405368681144,
    "p_value": 0.9552238805970149,
    "z_score": -1.7264352732902486,
    "n_permutations": 200
  },
  "stability_modal_C": 1.0,
  "stability_n_stable": 1,
  "stability_path": "out/self_test_null/paper3_stability_features.csv",
  "pairwise": {
    "wandering_vs_success": {
      "n_a": 20,
      "n_b": 40,
      "primary": {
        "macro_f1_mean": 0.5253186029656618,
        "macro_f1_std": 0.16614268401887317,
        "macro_f1_per_fold": [
          0.4125874125874126,
          0.6974789915966386,
          0.6974789915966386,
          0.4857142857142857,
          0.3333333333333333
        ],
        "C_selected_per_fold": [
          100.0,
          10.0,
          100.0,
          100.0,
          100.0
        ],
        "auroc_mean_per_class": {
          "0": 0.4375,
          "1": 0.4375
        },
        "auroc_std_per_class": {
          "0": 0.20009763241977652,
          "1": 0.20009763241977652
        },
        "confusion_matrix": [
          [
            27,
            13
          ],
          [
            12,
            8
          ]
        ],
        "class_labels": [
          0,
          1
        ]
      },
      "null": {
        "observed_score": 0.5253186029656618,
        "null_mean": 0.4917778632100614,
        "null_std": 0.07631194676088147,
        "p_value": 0.3333333333333333,
        "z_score": 0.43952147964798494,
        "n_permutations": 50
      }
    },
    "wandering_vs_locked": {
      "n_a": 20,
      "n_b": 39,
      "primary": {
        "macro_f1_mean": 0.44069626280152596,
        "macro_f1_std": 0.15766190617594833,
        "macro_f1_per_fold": [
          0.4125874125874126,
          0.4,
          0.5555555555555556,
          0.6210526315789473,
          0.21428571428571427
        ],
        "C_selected_per_fold": [
          10.0,
          0.001,
          10.0,
          1.0,
          1.0
        ],
        "auroc_mean_per_class": {
          "0": 0.4758928571428571,
          "1": 0.4758928571428571
        },
        "auroc_std_per_class": {
          "0": 0.1704807783617154,
          "1": 0.1704807783617154
        },
        "confusion_matrix": [
          [
            27,
            12
          ],
          [
            15,
            5
          ]
        ],
        "class_labels": [
          0,
          1
        ]
      },
      "null": {
        "observed_score": 0.44069626280152596,
        "null_mean": 0.4644248600900303,
        "null_std": 0.07338326585613522,
        "p_value": 0.5882352941176471,
        "z_score": -0.32335161172439375,
        "n_permutations": 50
      }
    },
    "success_vs_locked": {
      "n_a": 40,
      "n_b": 39,
      "primary": {
        "macro_f1_mean": 0.5050604735821455,
        "macro_f1_std": 0.14745617067507719,
        "macro_f1_per_fold": [
          0.4666666666666667,
          0.625,
          0.6862745098039216,
          0.41700404858299595,
          0.33035714285714285
        ],
        "C_selected_per_fold": [
          1.0,
          10.0,
          100.0,
          100.0,
          100.0
        ],
        "auroc_mean_per_class": {
          "0": 0.546875,
          "1": 0.546875
        },
        "auroc_std_per_class": {
          "0": 0.11744762795603834,
          "1": 0.11744762795603834
        },
        "confusion_matrix": [
          [
            24,
            15
          ],
          [
            23,
            17
          ]
        ],
        "class_labels": [
          0,
          1
        ]
      },
      "null": {
        "observed_score": 0.5050604735821455,
        "null_mean": 0.5003246123710722,
        "null_std": 0.07108060238033699,
        "p_value": 0.5294117647058824,
        "z_score": 0.06662663303929359,
        "n_permutations": 50
      }
    }
  },
  "timings_seconds": {
    "primary": 0.4808340072631836,
    "null_total": 64.14395213127136,
    "null_per_perm": 0.3207197606563568,
    "stability": 0.17124319076538086,
    "pairwise": 20.32772970199585
  }
}